{"x": [225000, 247500, 270000, 292500, 315000, 337500, 360000, 382500, 405000, 427500, 450000, 472500, 495000, 517500, 540000, 562500, 585000, 607500, 630000, 652500, 675000, 697500, 720000, 742500, 765000, 787500, 810000, 832500, 855000, 877500, 900000, 922500, 945000, 967500, 990000, 1012500, 1035000, 1057500, 1080000, 1102500, 1125000, 1147500, 1170000, 1192500, 1215000, 1237500, 1260000, 1282500, 1305000, 1327500, 1350000, 1372500, 1395000, 1417500, 1440000, 1462500, 1485000, 1507500, 1530000, 1552500, 1575000, 1597500, 1620000, 1642500, 1665000, 1687500, 1710000, 1732500, 1755000, 1777500, 1800000, 1822500, 1845000, 1867500, 1890000, 1912500, 1935000, 1957500, 1980000, 2002500, 2025000, 2047500, 2070000, 2092500, 2115000, 2137500, 2160000, 2182500, 2205000, 2227500, 2250000, 2272500, 2295000, 2317500, 2340000, 2362500, 2385000, 2407500, 2430000, 2452500, 2475000, 2497500, 2520000, 2542500, 2565000, 2587500, 2610000, 2632500, 2655000, 2677500, 2700000, 2722500, 2745000, 2767500, 2790000, 2812500, 2835000, 2857500, 2880000, 2902500, 2925000, 2947500, 2970000, 2992500, 3015000, 3037500, 3060000, 3082500, 3105000, 3127500, 3150000, 3172500, 3195000, 3217500, 3240000, 3262500, 3285000, 3307500, 3330000, 3352500, 3375000, 3397500, 3420000, 3442500, 3465000, 3487500, 3510000, 3532500, 3555000, 3577500, 3600000, 3622500, 3645000, 3667500, 3690000, 3712500, 3735000, 3757500, 3780000, 3802500, 3825000, 3847500, 3870000, 3892500, 3915000, 3937500, 3960000, 3982500, 4005000, 4027500, 4050000, 4072500, 4095000, 4117500, 4140000, 4162500, 4185000, 4207500, 4230000, 4252500, 4275000, 4297500, 4320000, 4342500, 4365000, 4387500, 4410000, 4432500, 4455000, 4477500, 4500000, 4522500, 4545000, 4567500, 4590000, 4612500, 4635000, 4657500, 4680000, 4702500, 4725000, 4747500, 4770000, 4792500, 4815000, 4837500, 4860000, 4882500, 4905000, 4927500, 4950000, 4972500, 4995000, 5017500, 5040000, 5062500, 5085000, 5107500, 5130000, 5152500, 5175000, 5197500, 5220000, 5242500, 5265000, 5287500, 5310000, 5332500, 5355000, 5377500, 5400000, 5422500, 5445000, 5467500, 5490000, 5512500, 5535000, 5557500, 5580000, 5602500, 5625000, 5647500, 5670000, 5692500, 5715000, 5737500, 5760000, 5782500, 5805000, 5827500], "y": [-27.69107405378311, -27.240209993607827, 3952.9237746077806, -22.19639730447421, 144.46508699517705, 2038.5362806914375, 1884.8013201703282, 7119.551945409954, 5093.613063644178, 2043.694235160474, 10472.92490496817, 31319.974926492723, 27815.6185038404, 22668.515332784125, 14260.268723579507, 9215.722485233775, 9514.919970418989, 8402.512144785223, 2051.1227475950045, 7410.383207848505, 1511.6070663606963, 4308.0182843157345, 3509.3491195943157, 3857.371596858093, 1315.2971801985204, 12095.015653447872, 5757.700416920302, 10381.300946190633, 20956.071719620617, 24544.977567188493, 22900.09059020899, 29156.129219745817, 46123.234234689466, 34898.18909429612, 46155.74221561875, 50086.45151397357, 36469.87625165215, 45467.075361741234, 54275.719436805906, 56030.497521374884, 58008.45599032917, 56323.141274532274, 47795.33430929983, 48910.99473845014, 60499.35310034356, 32323.012730949995, 41904.91107125431, 55445.30629388059, 70567.83310478773, 57713.352400843476, 70226.26102284067, 44972.575796196455, 37964.49372677897, 29246.96172891536, 45478.61654497877, 57301.39492755017, 58704.19224212322, 7033.071896066309, 5762.5215210354245, 26696.70241198689, 30981.273638580667, 28574.57396201585, 28879.972037399923, 7100.4495627433, 20337.246388398, 25221.27684785528, 30608.990158343793, 34853.202178594736, 48524.370282040036, 51621.9161953667, 54697.96354610824, 39649.682616911115, 20557.157785998326, 35729.302561094526, 40719.03871683801, 51011.12280347903, 38547.54129684261, 46331.83315775117, 75287.97647409241, 57832.20830244073, 55798.17951036198, 55026.33187347216, 59437.52144972944, 54343.50349199618, 65183.79628252002, 70087.32097602014, 62029.71319633358, 75866.74707893304, 54271.34681547885, 79769.22770177602, 78608.9369888642, 64541.468247307246, 39071.07398190304, 66727.20843170733, 82825.16482835074, 59415.82485022171, 68242.82642546392, 58257.54637961086, 49319.59615916347, 70875.39506583287, 49196.07686439033, 67269.171957143, 68664.06466691305, 52119.62771192434, 74773.35803382298, 62917.61473372662, 69830.55281290751, 67815.48285232241, 59505.090042456875, 74933.20094519519, 85126.70072785633, 53993.3295668456, 68324.18702010585, 64578.05970256428, 71453.75098490808, 56559.6273935646, 33633.153098512616, 30480.64846445237, 13003.557747284167, 31236.937291999435, 27091.25782697771, 24661.87282878378, 17893.215811815917, 29207.990500090003, 54444.84996193163, 24394.68594643518, 27536.37987335522, 31573.007119008114, 36461.09343679834, 29521.68180739912, 28539.171635040468, 44357.998735374196, 32307.233701395337, 34935.665942228894, -66.56751967609944, 562.1366377243888, -50.94272408665112, -30.045453277216097, -28.18270347968825, 21725.934094249988, 9570.873274213629, 34773.460100307406, 26441.673215165283, 31322.270542252798, 21721.35286925555, 51279.52488196261, 25823.946884959376, 21391.92181803899, 35275.70314568728, 52325.24785626281, 26153.654759974837, 35238.010165104475, 31569.613101830473, 51049.135027514814, 30371.942929362704, 45855.7916983112, 46727.30716893295, 42493.66528469355, 32405.589361548125, 47341.83421693037, 42134.60942837067, 78799.01102381773, 60293.04644261285, 55365.765457353475, 54352.320284893416, 55706.04297589798, 72094.17253701139, 43336.642529738376, 66607.07393271964, 71032.22288922618, 67723.12477211487, 74703.99004711141, 61995.6600917713, 50711.6066944932, 55998.92958828838, 54697.18034268421, 65189.10994425379, 61303.1159883816, 59475.95196955413, 64661.76486297041, 80208.6594497608, 61088.02904568553, 70575.20437982662, 62988.88656477953, 62778.803945745996, 66252.20485714197, 69364.12262140472, 87772.6154764267, 62884.47588338857, 69847.34915368131, 69313.87958369058, 88179.51037279592, 68892.00626914133, 80569.26594745633, 61318.284303893415, 66022.58688931259, 29089.564452370283, 31908.291093174, 58712.548595860026, 74307.73210809504, 101615.99089331584, 90554.42462414896, 60007.88022062505, 73777.32527659103, 74236.31703854095, 71586.35928077668, 88377.68957836814, 70343.03279042778, 78968.78027831309, 75799.93463849084, 86863.17753993798, 93341.41513025592, 71674.7834744165, 69672.37686036763, 73376.03643882091, 57526.84865370227, 75409.17557722103, 78152.86541830633, 81196.36086398215, 69853.78809723357, 87122.64277507536, 84414.54427406032, 81389.8401638555, 84859.3423655323, 79635.20130112443, 84047.18781766269, 81214.16903950903, 67421.96485317856, 80391.88658850125, 76103.81098907566, 82377.7058422283, 85899.31285083419, 73932.72685695077, 80634.67696913732, 90074.66742633333, 82783.80048988477, 77719.71789566801, 66425.49081492123, 73421.48010332636, 95336.48753659488, 75480.52351429003, 78650.70726397277, 78903.23686196537, 81814.87662181932, 73444.24794825517, 69954.59958502317, 79322.86903503933, 64723.333186181444, 63429.18660567814, 75122.05074254777]}