{"x": [225000, 247500, 270000, 292500, 315000, 337500, 360000, 382500, 405000, 427500, 450000, 472500, 495000, 517500, 540000, 562500, 585000, 607500, 630000, 652500, 675000, 697500, 720000, 742500, 765000, 787500, 810000, 832500, 855000, 877500, 900000, 922500, 945000, 967500, 990000, 1012500, 1035000, 1057500, 1080000, 1102500, 1125000, 1147500, 1170000, 1192500, 1215000, 1237500, 1260000, 1282500, 1305000, 1327500, 1350000, 1372500, 1395000, 1417500, 1440000, 1462500, 1485000, 1507500, 1530000, 1552500, 1575000, 1597500, 1620000, 1642500, 1665000, 1687500, 1710000, 1732500, 1755000, 1777500, 1800000, 1822500, 1845000, 1867500, 1890000, 1912500, 1935000, 1957500, 1980000, 2002500, 2025000, 2047500, 2070000, 2092500, 2115000, 2137500, 2160000, 2182500, 2205000, 2227500, 2250000, 2272500, 2295000, 2317500, 2340000, 2362500, 2385000, 2407500, 2430000, 2452500, 2475000, 2497500, 2520000, 2542500, 2565000, 2587500, 2610000, 2632500, 2655000, 2677500, 2700000, 2722500, 2745000, 2767500, 2790000, 2812500, 2835000, 2857500, 2880000, 2902500, 2925000, 2947500, 2970000, 2992500, 3015000, 3037500, 3060000, 3082500, 3105000, 3127500, 3150000, 3172500, 3195000, 3217500, 3240000, 3262500, 3285000, 3307500, 3330000, 3352500, 3375000, 3397500, 3420000, 3442500, 3465000, 3487500, 3510000, 3532500, 3555000, 3577500, 3600000, 3622500, 3645000, 3667500, 3690000, 3712500, 3735000, 3757500, 3780000, 3802500, 3825000, 3847500, 3870000, 3892500, 3915000, 3937500, 3960000, 3982500, 4005000, 4027500, 4050000, 4072500, 4095000, 4117500, 4140000, 4162500, 4185000, 4207500, 4230000, 4252500, 4275000, 4297500, 4320000, 4342500, 4365000, 4387500, 4410000, 4432500, 4455000, 4477500, 4500000, 4522500, 4545000, 4567500, 4590000, 4612500, 4635000, 4657500, 4680000, 4702500, 4725000, 4747500, 4770000, 4792500, 4815000, 4837500, 4860000, 4882500, 4905000, 4927500, 4950000, 4972500, 4995000, 5017500, 5040000, 5062500, 5085000, 5107500, 5130000, 5152500, 5175000, 5197500, 5220000, 5242500, 5265000, 5287500, 5310000, 5332500, 5355000, 5377500, 5400000, 5422500, 5445000, 5467500, 5490000, 5512500, 5535000, 5557500, 5580000, 5602500, 5625000, 5647500, 5670000, 5692500, 5715000, 5737500, 5760000, 5782500, 5805000, 5827500], "y": [-27.519830971196665, -23.200299418784127, -22.228957616927595, -20.81571264879772, -19.550701434914853, -19.52693886455748, -19.842926548892727, -19.208687294523013, -18.991355222030144, -19.0816118646924, -18.70656614755284, -18.32641797231597, -18.622725595102008, -18.611204481251573, -18.465232503647385, -18.107917209315573, -18.70955182984436, -19.601145185879567, -21.420215713445607, -28.40457259915919, -45.632593344209845, -70.27344285878232, -77.08086093095994, -54.912239285630356, -46.785521487723685, -59.971094353401845, -59.301047196813535, -77.44607046409755, 539.0468172834062, 750.5080500254511, 828.3230422455422, 182.39473721239608, 50.493932872625656, 211.1309745500876, 217.58006112472626, 282.8873231311431, -9.17301749648744, 397.50350379407377, 2810.677525720518, 1008.3122743912317, 82.10441151991624, 1008.3988550478682, 745.4108592543276, 542.4438470562021, 1626.4728700645874, 2107.1398172776208, 2637.568212135938, 3245.66932211987, 4774.050389201342, 3155.689735611264, 2605.956489996258, 5453.158691009279, 3723.980649026134, 4412.332426284911, 3823.0121498089543, 4252.504998635543, 4048.9576845518577, 4705.465482650843, 8698.329060747941, 8944.115592575297, 5373.866020211918, 7139.861093712281, 7449.868737716599, 8395.767197791694, 5778.898152021196, 8767.733406369542, 7111.189546202804, 9216.580693324058, 12348.9208535119, 9788.41105078904, 14757.637433958567, 11644.09182329254, 10366.051303394046, 16358.436675474975, 9251.704566128994, 9998.644881148164, 18096.146765510333, 13882.547206264968, 17404.808397165765, 21301.57778258625, 18845.146403578405, 9194.13559085698, 11440.774997443545, 17408.744406998958, 15338.866893514398, 18360.25285139113, 17436.11555698944, 17192.363088347833, 19147.7918152442, 19651.672944173333, 13956.030261333835, 15857.838524904811, 23511.419058613898, 18540.801814407903, 16570.67075826669, 16065.310984206835, 16495.865042472542, 11768.290300671555, 18868.453431350343, 13624.369485150011, 13435.786704626591, 15885.875995384597, 25120.586603543936, 22261.769693765465, 11908.325776713045, 18598.559218104576, 11599.912016402237, 24472.529956822684, 17886.522541291004, 21303.253629738312, 17523.984911060274, 25018.11048129631, 15384.70360666764, 11995.767949914078, 15008.303581390337, 14068.463820467017, 20210.078225369813, 17636.578464732633, 19490.174561384123, 14828.170581787645, 14783.670422043278, 22220.060238806647, 17823.846185732582, 17083.379434480314, 14717.266159986179, 18782.5260759187, 21096.79066737004, 23082.934246644196, 21262.26616117247, 23080.867887483397, 17068.70620594338, 21951.373863350625, 24783.20420704719, 26218.956096960763, 18897.988612794103, 24648.297822244996, 20078.11342317768, 27096.124080859478, 17259.50617724075, 20142.307903139837, 22950.69386935473, 20274.725590665297, 19985.28089561394, 22784.16040706085, 24104.714720463227, 22954.32460094499, 21288.510785040573, 16194.089768118018, 27850.695582173823, 28638.760888878915, 21557.629673315518, 17659.603775331496, 26888.82085071146, 21207.046186621785, 22305.77939021176, 21709.911542802096, 25659.64740204826, 23605.64777646112, 20703.977425994155, 27108.88903616385, 18058.69077765752, 18333.045627117186, 23533.410844775783, 22989.222237962964, 22338.13312474577, 20130.180522363382, 21845.18321022213, 31161.422891987684, 25066.113586249066, 26397.715113642946, 25026.479253398014, 30534.3657966352, 25634.251560562952, 23406.525861239694, 23492.905619434645, 25777.875105355903, 23179.372898440786, 26377.788020005304, 24719.62111090372, 29659.53291612518, 21932.279743436917, 25373.272414523442, 26268.50263458523, 28092.45689132138, 25075.82762281605, 29401.231918171827, 36090.43388863346, 32025.64744286353, 26693.976284525103, 20697.71556282659, 25903.732993190737, 28337.028840385014, 26507.05514298765, 33630.59805815966, 28570.561979556303, 25247.594826445747, 25593.34903102284, 33214.75810927165, 29387.313855212447, 33043.17775400622, 29696.1109199438, 26002.651085983154, 27628.36562970633, 30621.780521681234, 26662.65106637251, 31728.904663809262, 31048.696311650543, 31991.705177774635, 27802.099737078173, 24209.91550726872, 28280.34577370389, 34680.58970746097, 31644.50005832389, 30593.010392530792, 24292.975142867974, 40705.39973625108, 32586.433038107796, 38183.121690154534, 34192.89748578378, 40780.82759868667, 45646.67976209972, 43166.97473018017, 32667.53389919413, 46844.808846885586, 41997.86645318523, 35720.40039467621, 42499.3846347315, 47354.41102577441, 47707.382473739766, 43451.286700545184, 43030.545327564665, 34898.58221628902, 41262.06628262454, 44097.31656184249, 43811.02161204936, 38978.943363010134, 44103.533692820565, 45608.47468943374, 40092.443664529266, 52509.67547698745, 41439.01535446901, 47517.18863409894, 47030.73978734621, 57264.53153762659, 44097.218482915814, 47231.91123965325, 45052.745167173045, 32717.92798017472, 48600.39776717605, 42158.657361901365]}