{"x": [225000, 247500, 270000, 292500, 315000, 337500, 360000, 382500, 405000, 427500, 450000, 472500, 495000, 517500, 540000, 562500, 585000, 607500, 630000, 652500, 675000, 697500, 720000, 742500, 765000, 787500, 810000, 832500, 855000, 877500, 900000, 922500, 945000, 967500, 990000, 1012500, 1035000, 1057500, 1080000, 1102500, 1125000, 1147500, 1170000, 1192500, 1215000, 1237500, 1260000, 1282500, 1305000, 1327500, 1350000, 1372500, 1395000, 1417500, 1440000, 1462500, 1485000, 1507500, 1530000, 1552500, 1575000, 1597500, 1620000, 1642500, 1665000, 1687500, 1710000, 1732500, 1755000, 1777500, 1800000, 1822500, 1845000, 1867500, 1890000, 1912500, 1935000, 1957500, 1980000, 2002500, 2025000, 2047500, 2070000, 2092500, 2115000, 2137500, 2160000, 2182500, 2205000, 2227500, 2250000, 2272500, 2295000, 2317500, 2340000, 2362500, 2385000, 2407500, 2430000, 2452500, 2475000, 2497500, 2520000, 2542500, 2565000, 2587500, 2610000, 2632500, 2655000, 2677500, 2700000, 2722500, 2745000, 2767500, 2790000, 2812500, 2835000, 2857500, 2880000, 2902500, 2925000, 2947500, 2970000, 2992500, 3015000, 3037500, 3060000, 3082500, 3105000, 3127500, 3150000, 3172500, 3195000, 3217500, 3240000, 3262500, 3285000, 3307500, 3330000, 3352500, 3375000, 3397500, 3420000, 3442500, 3465000, 3487500, 3510000, 3532500, 3555000, 3577500, 3600000, 3622500, 3645000, 3667500, 3690000, 3712500, 3735000, 3757500, 3780000, 3802500, 3825000, 3847500, 3870000, 3892500, 3915000, 3937500, 3960000, 3982500, 4005000, 4027500, 4050000, 4072500, 4095000, 4117500, 4140000, 4162500, 4185000, 4207500, 4230000, 4252500, 4275000, 4297500, 4320000, 4342500, 4365000, 4387500, 4410000, 4432500, 4455000, 4477500, 4500000, 4522500, 4545000, 4567500, 4590000, 4612500, 4635000, 4657500, 4680000, 4702500, 4725000, 4747500, 4770000, 4792500, 4815000, 4837500, 4860000, 4882500, 4905000, 4927500, 4950000, 4972500, 4995000, 5017500, 5040000, 5062500, 5085000, 5107500, 5130000, 5152500, 5175000, 5197500, 5220000, 5242500, 5265000, 5287500, 5310000, 5332500, 5355000, 5377500, 5400000, 5422500, 5445000, 5467500, 5490000, 5512500, 5535000, 5557500, 5580000, 5602500, 5625000, 5647500, 5670000, 5692500, 5715000, 5737500, 5760000, 5782500, 5805000, 5827500], "y": [-28.09553808122065, -25.25233864561187, -23.277705495658847, -21.270423919119057, -19.778478928465677, -19.883170735460766, -19.86017079537813, -20.474060761840548, -19.887643078350198, -19.475848155651097, -19.11088486474478, -18.928614443881735, -19.09609902267448, -17.506456752401224, -4.207194589274836, -11.231049155614159, 6.682420469458165, -35.9678246694385, 108.87888570677265, 191.83672541066738, 2754.2923700110664, 814.1583765771276, 739.4142790002086, 403.47995145612174, 1051.7054569003794, 3139.0834833076788, 56.706532470170814, 513.673372201371, 1725.5632979059144, 2209.3849645857517, 704.3415922969932, 3148.2091229054577, 2940.906150007972, 5972.519598526734, 6872.727296477136, 6694.292961655422, 4151.750570549032, 6746.772920729901, 5116.7417640746635, 2434.878843482794, 11005.250160756736, 10104.606851179207, 8327.899378752772, 6255.937234485998, 5484.432424590899, 6087.704954334708, 5837.460343163913, 14258.576926364605, 13745.800621822536, 7582.695453689511, 12535.303615310626, 9975.7214779324, 12812.277315609648, 10405.469492195709, 17863.645871000157, 15160.947283713227, 16680.951233255095, 22111.56058437439, 14801.493422959222, 24112.382958085895, 19412.000501503822, 21362.404123774366, 18768.70177161215, 14572.041925383208, 29652.198222817475, 15224.063228425131, 22022.25834719693, 26604.665559194258, 11817.212380063733, 22912.74069678647, 24496.2295834033, 21405.773262863597, 16772.68659391812, 22073.497830078457, 18456.390395215927, 21562.5847469034, 18724.67664092045, 22411.854773623087, 25745.663573882885, 33348.15946594612, 22944.92777749283, 19249.389640759917, 14175.332294746262, 21928.948347192018, 26880.11768791797, 17837.924178005014, 19910.641764532418, 25059.5379427871, 19991.34270559606, 27339.019552397967, 21732.82612857699, 20162.252892235007, 26318.638489497418, 26494.08110106092, 15207.121746425495, 18384.607353806434, 21240.872022305288, 28231.81661594773, 17600.431915208166, 23698.27192205168, 25906.259372934, 13398.242055113526, 21175.750631347437, 26165.06552000234, 37021.26801211272, 19765.549187788758, 31129.307482578726, 38419.43095412409, 27507.652278026817, 31236.926783190003, 22752.33506739826, 39217.29874144598, 29567.447657233504, 24893.769440165142, 27522.83474733365, 29173.016091642457, 21306.44063175125, 27944.745788580483, 13489.128051094951, 26010.70075016014, 20772.28425466336, 32230.409583579483, 27245.91809353459, 34460.379270774465, 16979.534942434326, 25509.340296108458, 28411.800662038448, 30415.403308630062, 23815.475014956202, 21974.787468367005, 20301.274805470395, 22099.826054498822, 35912.73018588872, 24741.773142555663, 13551.263715972771, 23332.051925735763, 25217.687327536154, 24497.48107772753, 21360.735133643488, 31972.190589949238, 24812.9637394346, 14986.298143658574, 24991.33882515698, 27889.91133523032, 15155.4802695636, 27679.2940565831, 21906.351449963302, 25391.248120240467, 18463.062076331404, 23694.894297167, 25581.649557031735, 18182.33890070596, 30431.766468604103, 14624.211566394575, 13693.625887571021, 14008.591662641453, 13346.508968153139, 25771.338827810283, 21245.28105445602, 22678.813303431747, 13365.11681441627, 18010.495531330518, 18054.356309133196, 20785.9345877699, 18380.28928333458, 14654.467333687118, 11946.711665299676, 15199.427654940231, 16104.98275826285, 9472.20299558348, 23310.344557306318, 10273.949851157791, 19323.896820378846, 15944.347083653369, 16088.786174167783, 14211.94062912325, 22502.11590917516, 15330.551904662807, 15038.950330029093, 23936.40247034441, 20661.62561071539, 21983.2260291941, 16376.863852078422, 20884.977480716767, 15149.818238042893, 31490.58281598176, 11870.42702689614, 19176.115111194387, 26474.95939963256, 17427.17575570748, 19738.24973002917, 26598.407893936914, 19653.559692317576, 18886.47374322641, 31357.457071383007, 28376.909946499, 28128.408196936998, 20954.296473700866, 27036.635015661206, 20644.982637623896, 22813.26426873269, 25239.26520490418, 19012.922999702525, 24207.624742671083, 15353.328611297991, 18324.965701484783, 22660.17905395065, 26106.53802713268, 13772.432544411446, 20678.865032812304, 23621.272076369194, 13792.661695898001, 26594.77627736628, 23095.760565974, 22202.688718492784, 20518.872898961847, 23033.400396113408, 27637.82952406429, 20514.856904756463, 17125.935788016894, 15737.691213769349, 24546.32775939248, 15147.918766572075, 15601.242978954517, 25521.114981839586, 17985.019164092606, 22973.33096200488, 15500.691879904749, 22589.80003053147, 23399.326483804078, 22037.837585406847, 28019.875412662634, 25935.69896985953, 14346.262116252352, 17824.906590829123, 24653.638520215638, 28337.897177518116, 24470.405548548482, 25262.285757707272, 22560.323815137992, 25323.762809140848, 28872.06674846939, 23398.110231340263, 26876.77115745475, 25699.55755264649, 21079.93924041706, 18191.613878392185, 18940.399964622404, 16142.139210551013, 30067.88930532136]}