{"x": [225000, 247500, 270000, 292500, 315000, 337500, 360000, 382500, 405000, 427500, 450000, 472500, 495000, 517500, 540000, 562500, 585000, 607500, 630000, 652500, 675000, 697500, 720000, 742500, 765000, 787500, 810000, 832500, 855000, 877500, 900000, 922500, 945000, 967500, 990000, 1012500, 1035000, 1057500, 1080000, 1102500, 1125000, 1147500, 1170000, 1192500, 1215000, 1237500, 1260000, 1282500, 1305000, 1327500, 1350000, 1372500, 1395000, 1417500, 1440000, 1462500, 1485000, 1507500, 1530000, 1552500, 1575000, 1597500, 1620000, 1642500, 1665000, 1687500, 1710000, 1732500, 1755000, 1777500, 1800000, 1822500, 1845000, 1867500, 1890000, 1912500, 1935000, 1957500, 1980000, 2002500, 2025000, 2047500, 2070000, 2092500, 2115000, 2137500, 2160000, 2182500, 2205000, 2227500, 2250000, 2272500, 2295000, 2317500, 2340000, 2362500, 2385000, 2407500, 2430000, 2452500, 2475000, 2497500, 2520000, 2542500, 2565000, 2587500, 2610000, 2632500, 2655000, 2677500, 2700000, 2722500, 2745000, 2767500, 2790000, 2812500, 2835000, 2857500, 2880000, 2902500, 2925000, 2947500, 2970000, 2992500, 3015000, 3037500, 3060000, 3082500, 3105000, 3127500, 3150000, 3172500, 3195000, 3217500, 3240000, 3262500, 3285000, 3307500, 3330000, 3352500, 3375000, 3397500, 3420000, 3442500, 3465000, 3487500, 3510000, 3532500, 3555000, 3577500, 3600000, 3622500, 3645000, 3667500, 3690000, 3712500, 3735000, 3757500, 3780000, 3802500, 3825000, 3847500, 3870000, 3892500, 3915000, 3937500, 3960000, 3982500, 4005000, 4027500, 4050000, 4072500, 4095000, 4117500, 4140000, 4162500, 4185000, 4207500, 4230000, 4252500, 4275000, 4297500, 4320000, 4342500, 4365000, 4387500, 4410000, 4432500, 4455000, 4477500, 4500000, 4522500, 4545000, 4567500, 4590000, 4612500, 4635000, 4657500, 4680000, 4702500, 4725000, 4747500, 4770000, 4792500, 4815000, 4837500, 4860000, 4882500, 4905000, 4927500, 4950000, 4972500, 4995000, 5017500, 5040000, 5062500, 5085000, 5107500, 5130000, 5152500, 5175000, 5197500, 5220000, 5242500, 5265000, 5287500, 5310000, 5332500, 5355000, 5377500, 5400000, 5422500, 5445000, 5467500, 5490000, 5512500, 5535000, 5557500, 5580000, 5602500, 5625000, 5647500, 5670000, 5692500, 5715000, 5737500, 5760000, 5782500, 5805000, 5827500], "y": [-26.704278380948285, -25.167966602622794, -22.635695693409158, -21.909426927614927, -20.928266039562267, -20.995114510107094, -20.320745136458267, -20.22349399850234, -19.417961032580443, -19.27858373193145, -19.30623796865772, -18.78235077026801, -18.083128036700295, -18.63860673599317, -18.25740783066599, -18.42173334215933, -18.69935041857921, -15.014194480658956, 43.18953247166562, 56.769113576580104, -53.410416407420385, -59.15128518011035, -3.7725953803877066, 168.95147710180328, -28.56506838848754, 80.10653999179313, 98.317086889936, 130.2113060575876, -55.61670126754821, -57.4760506268352, -68.22784176404706, -60.964804922430716, -39.34123972049019, -12.88612694762906, -44.20815515815475, -30.855446494041733, -120.45214832569549, -110.76398720215738, -78.01417831792448, -85.7689216444162, -91.45577072168057, -90.05700561702784, -90.04915717321951, -113.99593836074594, -73.1453524707288, -96.33961095634224, -74.10759712511134, -94.60611828216688, 117.24656594287079, -28.73923744263711, -58.04300075181962, 13.336805692112756, -53.741142419746964, 318.64876968426034, -82.32165852870396, -69.98048025660023, -43.44480961594893, 299.18986153883253, 187.75784227436006, -7.566858042296658, -8.86865474183151, 189.8100808547678, -42.9758496429713, -29.94459636130015, -45.95494557931853, -57.85083447067422, 57.87014543118933, -37.10655544348064, 2257.7367319477107, 430.50740067224126, 436.15196634159554, -38.58486750410419, -71.7311729232028, -52.626351293633384, 1129.2126130942095, 10.213138002058006, -10.514296456763654, 496.18296284150085, 2935.8668224555904, -62.01733649034911, -68.41002627964214, -38.24766225681839, -52.597266568163725, 112.36153008103048, 1219.1862652396926, 3398.9346087968115, -84.24100436542702, 101.37270491669855, -88.65908401882956, 253.6775627197419, 2106.0683271702046, 271.70524877936043, -58.60763127921403, 90.36608492846972, -9.78130348080482, 2400.207498092305, -56.233539894463135, 1002.6008201445413, 697.1466563891829, 565.2068126284059, 4494.4114980733475, 4639.703096418882, 3329.304098144302, 5130.75677988562, 613.0699902152718, 5275.560172092555, 2434.884028012151, 2934.263670212463, 4455.264336698785, 3561.266032173772, 1868.3338245040507, 5592.315031673308, 7710.743558761364, 2592.6649722590782, 4014.176760514495, 4691.949441550301, 2386.951003087863, 3154.995481043451, 6366.651323461261, 7499.064941654762, 9584.88503163376, 3914.807081913456, 7289.793776489322, 8166.294179669233, 8044.804332306054, 4843.610583205483, 8063.622098876701, 5521.059467553031, 7985.769247639493, 7573.551733064552, 3388.684033941728, 7931.267746344054, 5141.69343832762, 3504.8564871643653, 4163.11377701255, 4744.307175619906, 7887.524078854391, 2851.6968043648585, 3891.408164449914, 7906.1389662540905, 2868.181339425384, 5320.502163014725, 5616.825215329155, 6083.747892650392, 3214.4279843882287, 8833.524896371064, 8902.459201001571, 9394.518994211474, 6424.9974889317045, 6739.899945001851, 8947.977634568353, 7803.381922018057, 6382.2328692448045, 8040.810281091233, 11649.527086938479, 12342.937230371486, 3895.205719104593, 8918.587967455027, 13701.947653050442, 6106.7406991179905, 10012.482478489464, 5783.354817467379, 7118.06118316802, 12703.377617849035, 11045.206211391189, 7650.697646817033, 5732.760920166625, 12170.135837747466, 6252.94469020115, 8655.103787583075, 6653.506590696017, 7984.035907307781, 5398.522458087592, 10223.068246137958, 10659.108282750782, 7643.576732700472, 6222.5242542487185, 5315.845041057248, 8704.114125747983, 12458.586500613645, 11488.510554272343, 14972.957501286824, 7158.855526276109, 10156.81855877367, 12504.027753321006, 6357.097608035276, 11728.705172141057, 11706.870419385465, 8436.935687285553, 12001.896434441274, 11625.098849974123, 11757.918401473298, 10433.424490532534, 15158.628749163932, 9958.303290311978, 10391.666947454929, 10888.782385658456, 10000.602391960185, 12946.561782901448, 16182.92130507015, 11872.796278951728, 9286.16271339483, 10635.978499806779, 15243.729218406444, 14443.857698800008, 17661.806141338304, 15400.547212096068, 13637.532816746008, 8568.78979403189, 11730.275832770112, 17422.172418798495, 13883.917753071564, 14242.141220135576, 13890.695015978325, 12692.741155757754, 10466.187184088803, 16543.60444194295, 13852.476774456849, 12535.364063424937, 20361.69897387416, 16972.05692787579, 17876.031867833062, 20109.467357421247, 17429.687385911584, 18384.66966638175, 15522.022780594338, 17254.591963457548, 13117.889864270046, 11473.370176988692, 23843.865447116852, 14842.233473234906, 15299.489769342237, 13969.476380229087, 21408.905415775072, 16748.734082663836, 16165.656434816421, 22446.045282364666, 18468.4176647606, 17984.508304545914, 15150.264212175369, 20035.910663118444, 14831.268075284372, 22954.265332922983, 19285.71210879985, 15333.453187208059, 15331.32443551934, 21900.512885589775, 18000.058355101697, 16679.033697825533, 16853.12976170511]}