{"x": [225000, 247500, 270000, 292500, 315000, 337500, 360000, 382500, 405000, 427500, 450000, 472500, 495000, 517500, 540000, 562500, 585000, 607500, 630000, 652500, 675000, 697500, 720000, 742500, 765000, 787500, 810000, 832500, 855000, 877500, 900000, 922500, 945000, 967500, 990000, 1012500, 1035000, 1057500, 1080000, 1102500, 1125000, 1147500, 1170000, 1192500, 1215000, 1237500, 1260000, 1282500, 1305000, 1327500, 1350000, 1372500, 1395000, 1417500, 1440000, 1462500, 1485000, 1507500, 1530000, 1552500, 1575000, 1597500, 1620000, 1642500, 1665000, 1687500, 1710000, 1732500, 1755000, 1777500, 1800000, 1822500, 1845000, 1867500, 1890000, 1912500, 1935000, 1957500, 1980000, 2002500, 2025000, 2047500, 2070000, 2092500, 2115000, 2137500, 2160000, 2182500, 2205000, 2227500, 2250000, 2272500, 2295000, 2317500, 2340000, 2362500, 2385000, 2407500, 2430000, 2452500, 2475000, 2497500, 2520000, 2542500, 2565000, 2587500, 2610000, 2632500, 2655000, 2677500, 2700000, 2722500, 2745000, 2767500, 2790000, 2812500, 2835000, 2857500, 2880000, 2902500, 2925000, 2947500, 2970000, 2992500, 3015000, 3037500, 3060000, 3082500, 3105000, 3127500, 3150000, 3172500, 3195000, 3217500, 3240000, 3262500, 3285000, 3307500, 3330000, 3352500, 3375000, 3397500, 3420000, 3442500, 3465000, 3487500, 3510000, 3532500, 3555000, 3577500, 3600000, 3622500, 3645000, 3667500, 3690000, 3712500, 3735000, 3757500, 3780000, 3802500, 3825000, 3847500, 3870000, 3892500, 3915000, 3937500, 3960000, 3982500, 4005000, 4027500, 4050000, 4072500, 4095000, 4117500, 4140000, 4162500, 4185000, 4207500, 4230000, 4252500, 4275000, 4297500, 4320000, 4342500, 4365000, 4387500, 4410000, 4432500, 4455000, 4477500, 4500000, 4522500, 4545000, 4567500, 4590000, 4612500, 4635000, 4657500, 4680000, 4702500, 4725000, 4747500, 4770000, 4792500, 4815000, 4837500, 4860000, 4882500, 4905000, 4927500, 4950000, 4972500, 4995000, 5017500, 5040000, 5062500, 5085000, 5107500, 5130000, 5152500, 5175000, 5197500, 5220000, 5242500, 5265000, 5287500, 5310000, 5332500, 5355000, 5377500, 5400000, 5422500, 5445000, 5467500, 5490000, 5512500, 5535000, 5557500, 5580000, 5602500, 5625000, 5647500, 5670000, 5692500, 5715000, 5737500, 5760000, 5782500, 5805000, 5827500], "y": [9966.110905693758, 4141.336126120023, 550.2609658260252, 29571.23352653285, 38129.58463649998, 11166.071079319216, 3658.4781962175753, 26840.2959666335, 44639.34103840382, 27382.600280633033, 35200.46145482793, 39910.409962484926, 40419.055010114615, 39505.513409965046, 45276.781566068006, 46476.889117892664, 57341.85980581995, 60668.68270190463, 31531.499732460372, 15625.69413480306, 81693.23701176146, 94115.22864736404, 66772.25949421959, 75358.25530620398, 49945.609994863466, 55931.50037037624, 18132.2431120819, 58057.595040100925, 57315.1672856216, 50430.61397922447, 62143.995569400286, 70524.43369165249, 53260.908545282364, 44885.4402403353, 75379.66973054764, 74663.71471031355, 80793.8316395575, 81441.37333391307, 75849.29769072412, 94375.24626672722, 82566.85624426187, 91428.79925397957, 84850.2673657999, 91207.25787111717, 72684.04707095496, 81050.9649985684, 88236.01732397822, 90599.60360745307, 70542.54352264093, 86459.35073812245, 70355.00080490185, 85328.2295633805, 93614.34744870543, 91945.3404924308, 91318.03648177524, 91529.63341482307, 77563.46544826137, 80346.1629092492, 85407.81763034541, 86012.43999911126, 88221.40878607774, 90224.27602786453, 83544.46431947553, 87736.48282998115, 85934.14979677174, 77298.0214780699, 99856.71853828507, 79988.63472645897, 95281.22276274508, 90935.40093312618, 93132.50654093703, 95721.14432345642, 83735.03917164862, 90882.1853451132, 99999.12572667732, 98888.14666036176, 92042.49148326553, 87186.05378706935, 103219.96061203897, 92280.3736471892, 98235.59797952046, 103754.51316019283, 85669.95097846289, 83603.48561461005, 94805.37116622367, 88867.40866935387, 91057.21874343268, 85258.87067475032, 98563.21197245564, 93533.10480078329, 83813.42623967741, 102373.29931674543, 108826.58869774033, 87671.72103764111, 97632.49698301699, 91422.26317654594, 102801.39286791797, 98177.76780603177, 83440.74615002281, 101302.74562865627, 96279.79502325726, 87716.09938750206, 97314.10564864716, 100783.17855850203, 94086.50872137453, 86034.70129099593, 88889.07097725893, 93658.00000409497, 91000.17972062601, 82272.69905456863, 93064.7648483626, 90608.56114124684, 81811.75877009389, 80956.2028904913, 89060.39374966516, 88332.40378292969, 92812.27150991994, 77570.59756958492, 97519.0117264597, 97260.07771154342, 94813.87877961113, 98462.60901846572, 99120.60074742515, 101280.53589149896, 99618.10284726297, 107170.27941916381, 99976.79330361474, 100628.05077103977, 102410.433831985, 98526.02221065584, 102719.62918404161, 93090.93866183114, 99399.05533236662, 94608.3222210272, 109465.29633432561, 92897.20455264664, 90074.12379996055, 99013.10997340565, 91342.054713405, 108970.95786132963, 88019.46069856957, 99576.9373131188, 96893.82970931863, 92825.66734955474, 86015.53968722264, 96756.30524183312, 89885.95587832406, 101360.97227551174, 105576.06175305897, 93428.35326979814, 99231.31087406754, 98519.42283799211, 96297.90339097996, 96855.90472868814, 98871.59948653252, 97376.3430359318, 87416.29155850543, 81765.36129320518, 95085.18145801932, 97905.39487668156, 99118.00692111543, 90658.92596769908, 95640.60092677489, 90508.5620873545, 102119.93629868804, 92512.81602774604, 95334.5646420101, 101606.93796712863, 109141.88806040512, 98868.96998099156, 106093.24159417533, 96486.04073426145, 95600.69360444539, 98082.40810240609, 99815.22647236376, 102918.03046501434, 96083.86171449725, 90898.24958712133, 94752.61705054242, 94142.06806828137, 101037.66264846038, 88446.62757274928, 97876.40195908524, 96590.12959262374, 98196.4479020566, 93845.42997015148, 106966.91192792157, 111126.70377842024, 99736.86894342882, 91065.6894229056, 98948.03358510355, 95914.07799762966, 95190.8521914516, 94065.66364899844, 101529.3347610082, 92622.91785012724, 104608.87534450916, 100258.12461362458, 95661.97727732641, 105866.34351941859, 107766.03247523804, 101627.67111720218, 93100.65849302756, 100376.3554847632, 90474.56040434688, 103701.74240282, 85639.15401604322, 91571.34345670408, 94040.06730162156, 96139.72383663594, 90238.55738545358, 93716.98390090199, 101679.8692963168, 99729.2731147173, 106878.12930093467, 88560.46228486137, 92857.42548389267, 106064.45413461074, 95831.84687084977, 100615.56013909118, 93425.42814726842, 95610.1731187492, 93738.38378701848, 86707.42348772156, 98405.89799448123, 94559.31148176113, 93244.33498515314, 89213.49494424547, 98751.57080201198, 98446.24719505703, 91412.85536119837, 90748.65016885666, 93123.59633849481, 96460.31697632732, 87809.6985156497, 491.6953323859584, 9704.367135730943, 22330.521427578497, 58946.63918001329, 68069.87121483254, 78374.30103434938, 75708.32058550758, 72076.73521731088, 70516.0536638024, 92268.12416083603, 65686.30997157353, 83948.35839522652, 89086.56945200982, 91283.23102880092, 88345.18327137451]}