{"x": [225000, 247500, 270000, 292500, 315000, 337500, 360000, 382500, 405000, 427500, 450000, 472500, 495000, 517500, 540000, 562500, 585000, 607500, 630000, 652500, 675000, 697500, 720000, 742500, 765000, 787500, 810000, 832500, 855000, 877500, 900000, 922500, 945000, 967500, 990000, 1012500, 1035000, 1057500, 1080000, 1102500, 1125000, 1147500, 1170000, 1192500, 1215000, 1237500, 1260000, 1282500, 1305000, 1327500, 1350000, 1372500, 1395000, 1417500, 1440000, 1462500, 1485000, 1507500, 1530000, 1552500, 1575000, 1597500, 1620000, 1642500, 1665000, 1687500, 1710000, 1732500, 1755000, 1777500, 1800000, 1822500, 1845000, 1867500, 1890000, 1912500, 1935000, 1957500, 1980000, 2002500, 2025000, 2047500, 2070000, 2092500, 2115000, 2137500, 2160000, 2182500, 2205000, 2227500, 2250000, 2272500, 2295000, 2317500, 2340000, 2362500, 2385000, 2407500, 2430000, 2452500, 2475000, 2497500, 2520000, 2542500, 2565000, 2587500, 2610000, 2632500, 2655000, 2677500, 2700000, 2722500, 2745000, 2767500, 2790000, 2812500, 2835000, 2857500, 2880000, 2902500, 2925000, 2947500, 2970000, 2992500, 3015000, 3037500, 3060000, 3082500, 3105000, 3127500, 3150000, 3172500, 3195000, 3217500, 3240000, 3262500, 3285000, 3307500, 3330000, 3352500, 3375000, 3397500, 3420000, 3442500, 3465000, 3487500, 3510000, 3532500, 3555000, 3577500, 3600000, 3622500, 3645000, 3667500, 3690000, 3712500, 3735000, 3757500, 3780000, 3802500, 3825000, 3847500, 3870000, 3892500, 3915000, 3937500, 3960000, 3982500, 4005000, 4027500, 4050000, 4072500, 4095000, 4117500, 4140000, 4162500, 4185000, 4207500, 4230000, 4252500, 4275000, 4297500, 4320000, 4342500, 4365000, 4387500, 4410000, 4432500, 4455000, 4477500, 4500000, 4522500, 4545000, 4567500, 4590000, 4612500, 4635000, 4657500, 4680000, 4702500, 4725000, 4747500, 4770000, 4792500, 4815000, 4837500, 4860000, 4882500, 4905000, 4927500, 4950000, 4972500, 4995000, 5017500, 5040000, 5062500, 5085000, 5107500, 5130000, 5152500, 5175000, 5197500, 5220000, 5242500, 5265000, 5287500, 5310000, 5332500, 5355000, 5377500, 5400000, 5422500, 5445000, 5467500, 5490000, 5512500, 5535000, 5557500, 5580000, 5602500, 5625000, 5647500, 5670000, 5692500, 5715000, 5737500, 5760000, 5782500, 5805000, 5827500], "y": [-4.271750488380502, 2205.0063719552595, 27.637476807150694, 34.38830746926061, 774.4185915721667, -52.45489977570442, -58.715341127175655, 25.876838992146713, 60.51637537513039, -18.05758231691866, -26.18799330409688, -34.57061460696439, 3036.2420049983257, 2806.2195572852415, 8611.183412056374, 4839.1805262873995, 5975.7371530881865, 18078.932053720702, 8020.894545332895, 11292.038885474374, 5061.12105616822, 3939.211688367674, 5821.833084789361, 5589.8108286749475, 2032.8881329160652, 395.6308277692332, 5218.025231268284, 3903.515901279944, 9006.698149559894, 1716.0054680311246, 21536.37030512656, 26519.830842780702, 22353.09862786261, 11296.844321658553, 3286.553264517185, 23324.99348901025, 32471.609923694687, 26676.764917885244, 31272.023900794527, 23331.749555244533, 30881.427639079287, 24159.149426845102, 25343.10368322765, 23388.553532406735, 43206.48235136892, 24180.214143789468, 43357.80305110795, 26704.78779932501, 37816.980307705664, 40585.773032774734, 47342.53456661046, 32282.59535981051, 20864.421804732712, 19921.79468366759, 22192.948924445907, 29204.6679779994, 24661.418852961528, 15580.775384026314, 39639.738037903255, 36043.66314862283, 24140.732143324818, 33325.234755610465, 52526.74194411924, 46100.625843115544, 45170.28517782872, 51997.15438912244, 45437.73295729484, 52761.650684547116, 43944.81252783446, 47411.97429575853, 46765.555184295066, 54701.98165170968, 69532.33490362784, 61696.675486510954, 49137.870686347596, 57863.49128768876, 59921.91113302474, 61934.64564091865, 64364.69417696339, 50214.713162995286, 44706.2351448975, 37251.31089414343, 32834.4245532166, 38743.02417716476, 42364.3130792101, 58559.0336539724, 74397.28783062598, 68021.61187913829, 51905.53630984148, 50907.256741568795, 53388.088855331036, 64502.84581034598, 61208.09933725483, 61223.283446257854, 31782.07900006961, 41484.304197647434, 56577.802628837286, 45162.024148804885, 62200.61693675424, 64602.808321079836, 64417.847633847385, 62780.21330825201, 79634.22539077236, 70559.74837033644, 57449.238946467354, 56221.23689806359, 64407.91488058277, 59257.08151455446, 32089.697522932882, 40288.62514371169, 41755.095961016414, 44135.35864329464, 74141.03691738812, 72968.01520155344, 78024.01691732787, 70670.44025363309, 66203.13620880609, 50368.98943051997, 66807.14124748867, 68016.25129194693, 58279.23072723888, 62523.710157601025, 57228.106306708425, 73745.21636905617, 64798.690430315146, 59741.94105702997, 67110.69187107777, 48373.71096764253, 69180.7015239968, 74503.27997330732, 49085.01137009499, 70746.15625250193, 65753.26963825019, 52928.912065292636, 58508.406453696756, 50836.96895317327, 65997.50206896369, 58965.22246521921, 58877.85145715357, 62176.71969020057, 45265.814711793486, 64473.76761693459, 69943.28878137504, 68964.02097335819, 34764.68610616693, 61628.752428201595, 55299.09716546656, 44786.097349961914, 73316.00619148061, 74783.33051710753, 52609.24045686104, 52852.052945328505, 62141.543249566814, 57386.12312808028, 63541.80210590015, 66814.13380050467, 66207.72528434775, 46250.850294599324, 67258.76461077375, 69062.0714557392, 71330.77985320124, 60153.442186125794, 46594.225514645186, 67278.26051584865, 60933.53225969538, 52293.49339907714, 48827.90325301005, 70059.43657722713, 52453.66147353857, 61629.59233937837, 89998.16383639709, 85777.60421955983, 60174.463696185216, 71724.66150389022, 70653.45012335645, 80750.90761679331, 58939.3064687846, 55525.859212922354, 70438.9964559374, 70105.67236736603, 38090.45976979833, 52690.06297355924, 51736.179866040016, 57489.97609683436, 76584.76087011452, 80866.44744331265, 68079.64938160883, 71426.69719022067, 77887.46641892358, 70246.86315082616, 73461.66188561225, 66060.86481134589, 85318.0112573401, 75220.04167826715, 64551.83763505955, 76712.83893513381, 72730.4371792482, 89506.46964525533, 85399.1889605068, 70820.2683608623, 70385.98374128196, 74505.28900823553, 65950.37115222566, 76006.32988614887, 75977.84391108068, 69703.93157941816, 86247.66764204003, 67648.13497173374, 56808.46407605233, 60507.68904150551, 72273.7193437622, 62511.60960646191, 13442.949894910498, 23960.64187688415, 81255.7604439663, 72383.48154387069, 71571.90704245679, 81020.16321993887, 51296.972698054924, 55583.54983021582, 37302.91962987693, 32541.72093306402, 37009.2175887908, 46049.35965632763, 70798.69007503842, 63900.39317700259, 84909.82396298426, 77680.40918697687, 40807.476868668295, 81214.53406023134, 82209.26712402195, 51100.03899236394, 72503.14731249718, 76439.49323598362, 69662.94152178617, 90890.16950812661, 56900.88683447037, 86467.49017297072, 94262.68818681301, 79929.9274177835, 80927.37622356799, 76679.87116872866, 85136.93564037769, 78850.91692689192, 75991.90590298192, 91667.20042948211, 87882.94850515902, 73316.37471219679, 83384.82159185772, 82195.849915339]}