{"x": [225000, 247500, 270000, 292500, 315000, 337500, 360000, 382500, 405000, 427500, 450000, 472500, 495000, 517500, 540000, 562500, 585000, 607500, 630000, 652500, 675000, 697500, 720000, 742500, 765000, 787500, 810000, 832500, 855000, 877500, 900000, 922500, 945000, 967500, 990000, 1012500, 1035000, 1057500, 1080000, 1102500, 1125000, 1147500, 1170000, 1192500, 1215000, 1237500, 1260000, 1282500, 1305000, 1327500, 1350000, 1372500, 1395000, 1417500, 1440000, 1462500, 1485000, 1507500, 1530000, 1552500, 1575000, 1597500, 1620000, 1642500, 1665000, 1687500, 1710000, 1732500, 1755000, 1777500, 1800000, 1822500, 1845000, 1867500, 1890000, 1912500, 1935000, 1957500, 1980000, 2002500, 2025000, 2047500, 2070000, 2092500, 2115000, 2137500, 2160000, 2182500, 2205000, 2227500, 2250000, 2272500, 2295000, 2317500, 2340000, 2362500, 2385000, 2407500, 2430000, 2452500, 2475000, 2497500, 2520000, 2542500, 2565000, 2587500, 2610000, 2632500, 2655000, 2677500, 2700000, 2722500, 2745000, 2767500, 2790000, 2812500, 2835000, 2857500, 2880000, 2902500, 2925000, 2947500, 2970000, 2992500, 3015000, 3037500, 3060000, 3082500, 3105000, 3127500, 3150000, 3172500, 3195000, 3217500, 3240000, 3262500, 3285000, 3307500, 3330000, 3352500, 3375000, 3397500, 3420000, 3442500, 3465000, 3487500, 3510000, 3532500, 3555000, 3577500, 3600000, 3622500, 3645000, 3667500, 3690000, 3712500, 3735000, 3757500, 3780000, 3802500, 3825000, 3847500, 3870000, 3892500, 3915000, 3937500, 3960000, 3982500, 4005000, 4027500, 4050000, 4072500, 4095000, 4117500, 4140000, 4162500, 4185000, 4207500, 4230000, 4252500, 4275000, 4297500, 4320000, 4342500, 4365000, 4387500, 4410000, 4432500, 4455000, 4477500, 4500000, 4522500, 4545000, 4567500, 4590000, 4612500, 4635000, 4657500, 4680000, 4702500, 4725000, 4747500, 4770000, 4792500, 4815000, 4837500, 4860000, 4882500, 4905000, 4927500, 4950000, 4972500, 4995000, 5017500, 5040000, 5062500, 5085000, 5107500, 5130000, 5152500, 5175000, 5197500, 5220000, 5242500, 5265000, 5287500, 5310000, 5332500, 5355000, 5377500, 5400000, 5422500, 5445000, 5467500, 5490000, 5512500, 5535000, 5557500, 5580000, 5602500, 5625000, 5647500, 5670000, 5692500, 5715000, 5737500, 5760000, 5782500, 5805000, 5827500], "y": [4147.453395761673, 12673.469683657382, 6882.384133012426, 40349.031871531384, 9953.876833411958, 53832.96171911878, 26280.03316333604, 38419.28001011622, 42763.41777608691, 44113.40649004689, 35932.64526022452, 49006.23225051671, 49522.669703547595, 52310.60070502382, 45121.420009565656, 38830.53109136117, 45155.073925358294, 28995.35098470205, 57242.55690355234, 56600.52302940128, 51499.50861888387, 47240.200635606845, 58347.43022646347, 28797.022025711944, 49775.56337002879, 42022.059471700515, 52406.198311009335, 64552.285937303255, 57819.98488085267, 57538.16556602241, 60886.13031244268, 68223.09526876656, 54983.332831340194, 53943.84534576423, 63458.27662680782, 57731.63860596059, 56370.679191518415, 63037.001110161174, 55332.17540883786, 48549.487967385496, 62677.013859684186, 69337.04668794737, 64885.473857952406, 58997.11586711457, 63889.608415898714, 54299.454422083065, 53660.076846417614, 54252.251104667586, 55565.77340020794, 65511.85560012867, 68601.80871206635, 62094.828125967215, 47253.175502807215, 55197.92869089251, 58056.27318120613, 60915.52982059398, 67542.54447196137, 64047.92039995563, 54702.78603470027, 79566.7957149636, 83773.01735777338, 74449.68361898951, 89565.0598385882, 85782.02805781178, 93228.01219019775, 85793.62228751919, 97320.64670647033, 88520.49016501979, 95688.47417317722, 93152.30995704092, 102369.57053165836, 99020.54467587649, 88410.56671584431, 89941.50732403438, 94157.75494115266, 98690.50325047779, 91760.95535039697, 88688.69115008047, 87016.44085218271, 100049.23518755584, 93610.33373526203, 101545.10293195506, 91427.30384916543, 91381.14051959252, 73567.31239861394, 70104.87439151728, 84063.43350196599, 79691.61264314363, 91464.26659717689, 94433.95573028244, 89600.67806383273, 87615.2837878388, 93638.20616338476, 85245.23036700599, 90147.16063027288, 83729.36960033912, 87626.34525824046, 85577.30819727607, 86608.19271910946, 92979.06947825724, 92888.01639004546, 92721.03760771033, 85395.10143954233, 93288.83252643117, 89043.04932546699, 86923.32757054875, 82102.07298910756, 87558.63293169347, 90927.54950678688, 101846.34848457064, 84832.08060060059, 91556.91204707284, 79403.83673213221, 89860.09987340309, 79177.72137174229, 23682.280974547208, 86873.79360915057, 76570.37451417794, 101644.61899362985, 96055.55080752344, 97894.52374956339, 103055.02171400245, 100486.97928251527, 100920.49074987763, 93571.97175301822, 99824.94150323034, 97120.93728142463, 104047.0343511726, 96383.81631473887, 105648.74753740367, 101415.8785015649, 96455.81683809984, 93935.83597069992, 102643.52672821592, 95271.30522990457, 74637.53626381994, 90382.96299395847, 95585.57116908525, 84460.08889994973, 86719.30232710621, 100311.26490727269, 98296.01792320008, 95607.99488612174, 100931.67798317998, 95609.28619540512, 99802.76014271742, 95968.07759488748, 110971.57330376325, 95177.71372453505, 104603.13370271404, 84845.42563461007, 92805.26236136275, 92114.319266474, 108026.85237840046, 87339.45319037673, 86867.22575773031, 113324.14442253787, 98618.46067707213, 92700.40069273944, 97307.06560488227, 84551.88156251142, 92677.35405303647, 85843.94343440949, 96724.72251676748, 96107.02932953768, 96123.37322340543, 97863.91941121283, 103892.08387311721, 90344.27834283342, 90477.89321295153, 98099.85450107699, 96121.60099563096, 109481.11313985052, 93104.49681789787, 87776.2040981066, 107665.92719925432, 94212.61699850184, 92381.25674372466, 88218.11148303724, 89368.14363511108, 93339.361853677, 100271.20402564047, 87673.25651096423, 96783.80808355326, 98170.99028133576, 92576.99828084273, 93212.64564811652, 85935.45322609795, 94411.66036606586, 106588.88052081816, 92658.82940184863, 110213.04177618149, 93427.97268838351, 107121.91133067076, 92692.7031609567, 87840.64651533923, 87603.81397300457, 85601.26580362761, 86563.83311294668, 93737.68317507704, 97964.0144670194, 97383.20083577053, 98472.46519565114, 99194.89290993262, 83023.84079182103, 90480.91403721864, 87255.42837634883, 91435.59431300784, 101996.55588150783, 106439.36598792028, 97480.95338091976, 66627.86849086151, 76745.49809253639, 90039.48942775729, 93974.25781294894, 91124.04221370738, 95712.12259583695, 96351.95398862897, 98214.51097161604, 88416.1844645618, 86414.86719377046, 103337.463810135, 92384.1948159998, 85728.51775467125, 98753.55779282117, 95075.5323858152, 90676.24450641268, 97348.23963581664, 84889.583146876, 92274.93503262471, 94804.07664590604, 98654.89906981967, 112411.60829537145, 100201.82306064287, 85454.18234459558, 91776.57259219194, 98221.9099773566, 102506.16107970856, 92835.41813591355, 113515.11462855592, 91331.81590287165, 86895.22926226852, 102217.02995240233, 85860.50885512654, 88695.80049642011, 88418.56614818261, 93824.52437473157, 105385.27731202966, 92131.37902862267, 88113.83790921562]}