{"x": [225000, 247500, 270000, 292500, 315000, 337500, 360000, 382500, 405000, 427500, 450000, 472500, 495000, 517500, 540000, 562500, 585000, 607500, 630000, 652500, 675000, 697500, 720000, 742500, 765000, 787500, 810000, 832500, 855000, 877500, 900000, 922500, 945000, 967500, 990000, 1012500, 1035000, 1057500, 1080000, 1102500, 1125000, 1147500, 1170000, 1192500, 1215000, 1237500, 1260000, 1282500, 1305000, 1327500, 1350000, 1372500, 1395000, 1417500, 1440000, 1462500, 1485000, 1507500, 1530000, 1552500, 1575000, 1597500, 1620000, 1642500, 1665000, 1687500, 1710000, 1732500, 1755000, 1777500, 1800000, 1822500, 1845000, 1867500, 1890000, 1912500, 1935000, 1957500, 1980000, 2002500, 2025000, 2047500, 2070000, 2092500, 2115000, 2137500, 2160000, 2182500, 2205000, 2227500, 2250000, 2272500, 2295000, 2317500, 2340000, 2362500, 2385000, 2407500, 2430000, 2452500, 2475000, 2497500, 2520000, 2542500, 2565000, 2587500, 2610000, 2632500, 2655000, 2677500, 2700000, 2722500, 2745000, 2767500, 2790000, 2812500, 2835000, 2857500, 2880000, 2902500, 2925000, 2947500, 2970000, 2992500, 3015000, 3037500, 3060000, 3082500, 3105000, 3127500, 3150000, 3172500, 3195000, 3217500, 3240000, 3262500, 3285000, 3307500, 3330000, 3352500, 3375000, 3397500, 3420000, 3442500, 3465000, 3487500, 3510000, 3532500, 3555000, 3577500, 3600000, 3622500, 3645000, 3667500, 3690000, 3712500, 3735000, 3757500, 3780000, 3802500, 3825000, 3847500, 3870000, 3892500, 3915000, 3937500, 3960000, 3982500, 4005000, 4027500, 4050000, 4072500, 4095000, 4117500, 4140000, 4162500, 4185000, 4207500, 4230000, 4252500, 4275000, 4297500, 4320000, 4342500, 4365000, 4387500, 4410000, 4432500, 4455000, 4477500, 4500000, 4522500, 4545000, 4567500, 4590000, 4612500, 4635000, 4657500, 4680000, 4702500, 4725000, 4747500, 4770000, 4792500, 4815000, 4837500, 4860000, 4882500, 4905000, 4927500, 4950000, 4972500, 4995000, 5017500, 5040000, 5062500, 5085000, 5107500, 5130000, 5152500, 5175000, 5197500, 5220000, 5242500, 5265000, 5287500, 5310000, 5332500, 5355000, 5377500, 5400000, 5422500, 5445000, 5467500, 5490000, 5512500, 5535000, 5557500, 5580000, 5602500, 5625000, 5647500, 5670000, 5692500, 5715000, 5737500, 5760000, 5782500, 5805000, 5827500], "y": [-13.205209196446454, -31.13513604226373, 1911.9998415193145, -71.45167354991128, -75.33442555474481, -70.15118608333582, -61.283124023378136, 37.04735798079115, -21.232812413849608, 334.09072778304, 273.44756090015284, 697.246687294204, 1987.588264544107, 1062.832720471281, 1602.2765551636262, 3800.2118796385175, 3862.1774569769564, 994.8755416094807, 1210.5452135542566, 2871.284491563465, 1496.7587690221615, 2362.8720246457474, 5894.69969981639, 400.2756283569919, 7860.743108896002, 451.74599268798056, 13641.191485313147, 3916.4298383507935, 13350.966043663746, 12324.178980517328, 20321.738726467105, 31960.513156771198, 16470.778138676345, 9161.108617803728, 17811.381190813234, 28148.099989927046, 23812.21707969023, 30365.148579951674, 39460.028272051655, 39809.82665805335, 28617.29856078601, 27657.878503128268, 52357.92228728838, 58717.31166036674, 20501.49364302017, 45335.28699914691, 59429.63029344204, 56948.02874914626, 33352.027043299095, 61180.816884789776, 17109.280677896608, 34210.11219437344, 61813.68596800134, 32933.15096794687, 59377.799999060975, 55957.308567475266, 72909.68806775924, 51957.751992984115, 81065.25908723858, 76163.36775206533, 75375.35472405066, 50294.58487370116, 57341.5687463412, 65681.95225589072, 53176.057323220324, 57663.279974195255, 69799.34213961344, 64267.56672946494, 73703.69527874843, 63386.32375493879, 72927.19812069216, 78023.51849213887, 53513.33614278003, 62785.88780597577, 81876.0535957897, 72263.39060428586, 72263.37909334966, 74099.46397892249, 85691.43454728599, 62314.825955511325, 37416.65721503607, 63971.748428707775, 69206.01376190626, 70088.99706348569, 88989.37440815651, 78667.88319412571, 76326.71537483009, 56166.06428057917, 77744.12883817343, 67285.89528783054, 68201.65705901942, 62248.473988454105, 70695.57502613237, 80847.64873180122, 60982.32630208673, 63498.260436120625, 66734.22023162278, 62877.120017530506, 68155.5202114366, 74111.98474413014, 86051.62518761563, 68793.61719815756, 75793.65454849655, 47983.024026004336, 31920.53410868621, 59986.343771444335, 82376.73377638911, 69142.28570933378, 72633.8202438779, 74256.44352801492, 55875.10410140376, 53541.93239215874, 61515.542185056554, 69017.89971459136, 65204.69018917473, 67350.14449207383, 74548.88691419139, 65822.56594893316, 70048.83405129533, 72631.16717857326, 67167.83335708184, 76296.17675203923, 76698.01992885426, 69096.68363147555, 68023.84285288668, 68098.66417116168, 42943.2031412955, 48364.264528670115, 42334.441633515664, 69576.62149335194, 52875.125494373184, 75833.1100741636, 68777.83281272117, 82895.06698673003, 47922.801486591794, 55736.429586947575, 67554.97561826858, 75049.2884421604, 45905.4009064174, 71296.5538837272, 63764.50718817128, 76571.0409553178, 55172.56417140117, 76333.66732570865, 72391.15222044259, 60075.116784672326, 68223.39027871338, 68609.88876059314, 63542.84860148834, 60487.93103089966, 70839.90341221166, 78153.94862824853, 39497.25081087605, 66685.88781990079, 75246.95947216373, 72597.926637035, 64675.87056826807, 62507.69992595728, 62905.34873073477, 83582.37164941513, 69945.37015558615, 67971.60128266327, 81316.57395476887, 79207.27141835792, 69754.27278512834, 86828.46291515171, 79029.5818083576, 87129.75269154906, 69628.75160448269, 72976.22295429393, 70265.00270885669, 84287.4086758567, 82000.95453314514, 80081.58406834645, 80582.3579214849, 88566.71902170981, 82747.06913387943, 68042.81896701315, 83768.15689121424, 73473.1688185309, 75347.31722474261, 90607.58739701539, 88140.00213617201, 76848.50502200259, 89969.05467274117, 89545.06950840527, 97618.7842385478, 90326.30979095669, 64322.61655852117, 58968.119369329586, 70559.50011113846, 70031.1897597148, 83125.71733193404, 88161.21899368674, 85662.07578121412, 74363.76159522668, 70497.82758678286, 59666.980986527975, 63061.34237295574, 71297.22556972087, 73217.93431517351, 75192.30541289152, 43982.02999917535, 57827.79706598252, 89108.93442795773, 85153.98568044216, 76148.32538025038, 83292.86153932272, 83448.80097232733, 80545.85912697855, 76067.64871016997, 45010.221374910965, 44870.38094147549, 35618.729767767814, 39204.309263875904, 29044.634636737017, 42944.92807596612, 89985.10063708408, 79035.75155638008, 78034.68312272933, 93896.48791737042, 77929.46669341727, 66437.39588611519, 72487.3603826185, 78985.94202376905, 86097.4378804102, 93877.90037813908, 72694.66113959206, 84457.64085319861, 79873.12491345093, 76622.8789290229, 89281.70646482932, 78960.09521822001, 79398.55885940969, 73489.4684379232, 73888.3689285033, 76321.58088648059, 81769.5211895486, 75015.29124036021, 77708.17183410932, 95934.20129369039, 76461.81387675909, 77796.21861906265, 63271.95865684372, 67448.5005617791, 80042.59841312254, 80336.3304204132, 73122.54181535335, 96048.509924465, 74485.81140918379]}