{"x": [225000, 247500, 270000, 292500, 315000, 337500, 360000, 382500, 405000, 427500, 450000, 472500, 495000, 517500, 540000, 562500, 585000, 607500, 630000, 652500, 675000, 697500, 720000, 742500, 765000, 787500, 810000, 832500, 855000, 877500, 900000, 922500, 945000, 967500, 990000, 1012500, 1035000, 1057500, 1080000, 1102500, 1125000, 1147500, 1170000, 1192500, 1215000, 1237500, 1260000, 1282500, 1305000, 1327500, 1350000, 1372500, 1395000, 1417500, 1440000, 1462500, 1485000, 1507500, 1530000, 1552500, 1575000, 1597500, 1620000, 1642500, 1665000, 1687500, 1710000, 1732500, 1755000, 1777500, 1800000, 1822500, 1845000, 1867500, 1890000, 1912500, 1935000, 1957500, 1980000, 2002500, 2025000, 2047500, 2070000, 2092500, 2115000, 2137500, 2160000, 2182500, 2205000, 2227500, 2250000, 2272500, 2295000, 2317500, 2340000, 2362500, 2385000, 2407500, 2430000, 2452500, 2475000, 2497500, 2520000, 2542500, 2565000, 2587500, 2610000, 2632500, 2655000, 2677500, 2700000, 2722500, 2745000, 2767500, 2790000, 2812500, 2835000, 2857500, 2880000, 2902500, 2925000, 2947500, 2970000, 2992500, 3015000, 3037500, 3060000, 3082500, 3105000, 3127500, 3150000, 3172500, 3195000, 3217500, 3240000, 3262500, 3285000, 3307500, 3330000, 3352500, 3375000, 3397500, 3420000, 3442500, 3465000, 3487500, 3510000, 3532500, 3555000, 3577500, 3600000, 3622500, 3645000, 3667500, 3690000, 3712500, 3735000, 3757500, 3780000, 3802500, 3825000, 3847500, 3870000, 3892500, 3915000, 3937500, 3960000, 3982500, 4005000, 4027500, 4050000, 4072500, 4095000, 4117500, 4140000, 4162500, 4185000, 4207500, 4230000, 4252500, 4275000, 4297500, 4320000, 4342500, 4365000, 4387500, 4410000, 4432500, 4455000, 4477500, 4500000, 4522500, 4545000, 4567500, 4590000, 4612500, 4635000, 4657500, 4680000, 4702500, 4725000, 4747500, 4770000, 4792500, 4815000, 4837500, 4860000, 4882500, 4905000, 4927500, 4950000, 4972500, 4995000, 5017500, 5040000, 5062500, 5085000, 5107500, 5130000, 5152500, 5175000, 5197500, 5220000, 5242500, 5265000, 5287500, 5310000, 5332500, 5355000, 5377500, 5400000, 5422500, 5445000, 5467500, 5490000, 5512500, 5535000, 5557500, 5580000, 5602500, 5625000, 5647500, 5670000, 5692500, 5715000, 5737500, 5760000, 5782500, 5805000, 5827500], "y": [3409.4477673943097, 1493.562583596781, 15333.198577428728, 3341.960433114577, 34497.22232547893, 36203.777081580985, 47838.721588835964, 51643.69772460085, 46399.50989574992, 48058.30908764868, 59506.02154182577, 56360.250189516846, 44490.91613418742, 56793.171607409095, 59294.98876861452, 38024.28158372516, 50259.07173090666, 46801.54702938914, 39076.58460883527, 40066.997980277156, 23976.43746279649, 55094.50633202471, 15413.398063339751, 16164.6383055234, 35152.499857166586, 47544.62744256788, 45242.65646299032, 47584.85172193415, 56380.552529390174, 52343.525713557894, 55402.90454047501, 43353.30063229003, 63086.37408142327, 56994.16309217267, 55842.40856648808, 62577.859842195576, 64626.65730861064, 63458.09704644572, 65874.04256001918, 57490.09362477298, 71315.94806922809, 62879.668145315576, 57664.050859460345, 54855.06925703168, 56071.05943699243, 45265.09985364248, 63164.14429509923, 51345.71186179087, 41507.39878889532, 52207.20467657131, 62214.4429918299, 69283.51263609856, 86898.49317020676, 99125.79318163088, 83193.83464253343, 82578.231637987, 89930.92269405662, 84380.9698620977, 97537.98949832363, 88453.20192621778, 86365.52459403122, 94402.54719913367, 95983.56445280103, 89043.72054874961, 93254.15960823775, 103171.97340604996, 91042.83746866109, 99515.78986554973, 93181.61303650663, 100271.04662129037, 96452.77598645142, 97403.41295781411, 91310.47084290838, 104446.86427189561, 79846.22754402886, 90309.88077856528, 105298.00116368927, 120243.04348516473, 98197.20067841296, 96553.18022211386, 93618.98371105672, 100539.51809091381, 87433.02449702827, 91835.45390716153, 83765.47099869179, 84770.76447005749, 84593.84391300924, 92019.12466615463, 93327.0236912774, 94474.08519999225, 87829.87257683756, 86497.3698363327, 82982.59431926023, 88660.83194396348, 90123.56944628613, 107747.23602226288, 88856.2824839975, 92052.47257339171, 76030.35335645315, 74599.24315194237, 88229.62734983627, 87237.99090016348, 80024.13759446923, 93945.57712037652, 91823.57814473848, 90451.66399394334, 96671.17628391397, 94206.39403603807, 89313.07185693635, 93118.6851234794, 87546.85910304906, 102193.19444217383, 97535.23345657492, 93000.26120511036, 83527.13006043392, 95344.87635525007, 92026.89821941961, 89009.04841628385, 80553.64806524322, 89317.18322322717, 74591.98875391313, 92847.5284011153, 82657.9761633915, 96213.69546544967, 110322.3226391549, 97064.80453291854, 94789.10735866887, 101424.98342353356, 90937.74417645934, 96681.40641646844, 54892.91949666829, 89272.26313636296, 98345.03728544847, 97109.70934278397, 103397.48282540595, 97232.86038895523, 96325.46914334236, 95286.43046815395, 92235.69951727317, 85938.58922207124, 88084.45884676662, 85671.77258850756, 92374.84392896852, 99371.82632733052, 94661.34376781069, 99861.30381205837, 83118.98967177693, 79890.1267340379, 86313.46704653074, 80864.85550051527, 66581.10008744407, 89682.85687296561, 92043.16743806482, 88757.80017464302, 85285.01192450032, 77610.0687191836, 86660.62932206258, 91783.32282347712, 85706.94181995786, 90419.6350450776, 87998.3420581727, 95395.27809579963, 93309.79232369107, 95311.60769545592, 95352.42280835766, 115992.73566161595, 84585.55215771613, 98343.4994667424, 93099.21958863962, 97833.85933512614, 85186.0238454713, 97701.93541635656, 89490.14041507203, 71668.47277658025, 79292.19022226725, 98317.92189969648, 91494.93876657591, 93749.28171988606, 81819.7225330963, 89122.05500023844, 95490.54510147721, 87026.95600275723, 98385.1818143209, 95633.65605788703, 82229.09865715125, 107468.7583791982, 108401.42252233453, 102281.52260774595, 91236.30711561213, 100418.6314841094, 78965.2971676121, 86009.52038388133, 97788.7829215214, 103902.81816509047, 88557.82337212627, 102828.67293177305, 92086.33593945742, 101037.0279063558, 89850.00993075613, 83711.01978862991, 101235.56368149162, 92411.59367105797, 91692.18864558444, 87728.23071265107, 89766.82556700119, 104425.3664740099, 101191.66022728747, 92323.96368788056, 97211.4869353219, 101785.11286714235, 99388.17755788188, 85742.88425412754, 94988.02862874983, 98030.81351545424, 103983.55265482723, 90862.76760474476, 101182.11512854249, 92849.82853107012, 94589.95691326332, 102867.00778461582, 97883.93270788976, 56782.8713924117, 91745.7066309248, 80406.136888932, 95041.30440473264, 99190.22930589828, 96841.58404856356, 90924.72943767476, 95614.56417047266, 101343.90459210538, 90650.03457268717, 90683.25723598381, 104181.95381234572, 100198.943999665, 97851.7981289458, 102814.8619290413, 92096.35242634633, 102935.04410065322, 98460.32605120268, 100630.87984034047, 95826.54051279543, 99321.82629977832, 86745.70076577207, 90670.23317534328, 92771.87409237133, 83738.45347493341, 98140.01935913676, 88956.81477522678, 93921.02921186859, 2850.229803629273]}